State/UT,District,Households_Rural,Households_Rural_Livable,Households_Rural_Dilapidated,Households_Rural_Toilet_Premise,Households_Urban,Households_Urban_Livable,Households_Urban_Dilapidated,Households_Urban_Toilet_Premise
jammu and kashmir,kupwara,158438.0,92052.478,13150.354,77476.182,23226.0,11496.87,1114.848,16304.652
jammu and kashmir,badgam,160649.0,74380.487,6265.311,133820.617,27190.0,9190.22,706.94,24579.76
jammu and kashmir,leh(ladakh),36920.0,19013.8,775.32,32526.52,17474.0,9540.804,192.21400000000003,16740.092
laddakh,kargil,40370.0,29591.21,1412.95,39078.16,7774.0,5348.512,93.288,7579.65
jammu and kashmir,punch,132139.0,78622.705,3171.336,18103.043,15269.0,4168.437,122.152,11497.557
jammu and kashmir,rajouri,196070.0,103721.03,5293.89,19999.14,17508.0,3256.4880000000003,297.636,14969.34
jammu and kashmir,kathua,181374.0,66564.258,6348.09,25755.108,33473.0,9037.71,1037.663,22460.383
jammu and kashmir,baramula,210543.0,97060.323,11158.779,156433.449,48932.0,16636.88,2446.6,45262.1
jammu and kashmir,bandipore,80521.0,43239.777,5958.554,56445.221,17555.0,5442.05,754.865,16554.365
jammu and kashmir,srinagar,4518.0,1734.9119999999998,284.634,4007.466,257721.0,59791.272,5669.862000000001,252824.301
jammu and kashmir,ganderbal,63788.0,30235.512,6059.86,44332.66,13558.0,2982.76,610.11,12378.454
jammu and kashmir,pulwama,147520.0,63433.6,6785.92,92495.04,21703.0,9202.072,651.09,19771.433
jammu and kashmir,shupiyan,75616.0,25104.512,4461.344,44613.44,5272.0,1813.568,173.976,4997.856
jammu and kashmir,anantnag,207067.0,89660.011,10560.417,105190.036,70666.0,20139.81,2190.646,53352.83
jammu and kashmir,kulgam,95952.0,47016.48,4509.744000000001,40011.984,25178.0,10574.76,1057.476,14729.13
jammu and kashmir,doda,122267.0,73360.2,1956.272,29344.08,11350.0,2689.95,329.15,10600.9
jammu and kashmir,ramban,84281.0,43404.715,1769.901,15002.018,5341.0,1030.813,128.184,4417.0070000000005
jammu and kashmir,kishtwar,72378.0,37636.56,2460.852,14475.6,5993.0,809.055,41.95099999999999,5597.462
jammu and kashmir,udhampur,148664.0,66452.808,2973.28,11001.136,34696.0,5898.32,624.528,26056.696
jammu and kashmir,reasi,95572.0,52469.028,1433.58,8601.48,12261.0,4843.095,134.871,9661.668
jammu and kashmir,jammu,254566.0,97753.344,12473.734000000002,62623.236,248043.0,56057.71800000001,8433.462,210588.50700000004
jammu and kashmir,samba,94247.0,28745.335,3110.151,24504.22,19989.0,3558.042,219.879,14132.223
himachal pradesh,chamba,186395.0,70830.1,4287.084999999999,90960.76,13836.0,2573.496,96.852,12037.32
himachal pradesh,kangra,588321.0,148845.21300000002,8236.493999999999,378878.7240000001,39007.0,7411.33,624.1120000000001,32102.761
himachal pradesh,lahul and spiti,17434.0,5875.258000000001,139.472,13615.954,,,,
himachal pradesh,kullu,167995.0,46198.625,2015.94,91053.29,20709.0,3189.186,269.217,18762.354
himachal pradesh,mandi,431129.0,120716.12,6898.064,353525.78,31696.0,5483.408,221.872,29160.32
himachal pradesh,hamirpur,196116.0,42361.056,1961.16,174739.35599999997,15232.0,2619.904,91.392,14059.136
himachal pradesh,una,185091.0,46828.023,2591.274,108833.508,20126.0,4910.744,966.048,15013.996
himachal pradesh,bilaspur,152458.0,41011.202,1981.954,104891.104,11987.0,2025.803,95.896,11207.845
himachal pradesh,solan,192787.0,47232.815,3662.953,133023.03,51509.0,9632.183,721.1259999999999,46255.082
himachal pradesh,sirmaur,171102.0,52870.518,4790.856,97357.038,21054.0,4147.638,210.54,20232.894
himachal pradesh,shimla,279269.0,68141.636,6423.187,167002.862,95896.0,17357.176,1246.648,86977.672
himachal pradesh,kinnaur,44514.0,13042.602,445.14,30803.688,,,,
punjab,gurdaspur,420860.0,207904.84,37877.4,210850.86,185488.0,76235.568,9645.376,158777.728
punjab,kapurthala,165433.0,68489.262,10091.413,128045.142,95770.0,30646.4,3926.5699999999993,90119.57
punjab,jalandhar,330339.0,154268.313,20481.018,251057.64,377791.0,143938.37099999998,18133.968,361923.778
punjab,hoshiarpur,422673.0,173295.93,27473.745,240923.61,128592.0,44107.056,6301.008000000001,114318.288
punjab,shahid bhagat singh nagar,183168.0,73450.368,9891.072,122356.224,48383.0,17417.88,3144.895,41173.933
punjab,fatehgarh sahib,117559.0,45965.569,7523.776000000001,96986.175,57337.0,20239.961,2580.165,53839.44300000001
punjab,ludhiana,395032.0,178159.432,28047.272,345653.0,641789.0,262491.701,31447.661,621893.541
punjab,moga,214295.0,96861.34,15857.83,183007.93,74144.0,25802.112,4967.648,70214.368
punjab,firozpur,348522.0,177397.698,37640.376,232115.652,153868.0,63239.748,10924.628,139558.27599999998
punjab,muktsar,149507.0,78939.696,15997.249,108093.561,74650.0,30083.95,6793.15,67035.7
punjab,faridkot,99946.0,48973.54,7695.842000000001,80056.746,58917.0,23802.468,4772.276999999999,54674.976
punjab,bathinda,218159.0,111479.249,16143.766,183908.037,137563.0,44570.412,7428.402000000001,128071.153
punjab,mansa,145603.0,67705.395,10483.416,91584.287,50786.0,17318.026,2996.3740000000003,43168.1
punjab,patiala,299279.0,143653.92,21248.809,231342.667,218090.0,70224.98000000001,9159.78,211329.21
punjab,amritsar,275477.0,152063.304,21487.206,167490.016,385476.0,163827.3,20815.704,360034.584
punjab,tarn taran,222717.0,124053.369,18040.077,144320.616,44457.0,19383.252,3156.447,38988.789
punjab,rupnagar,148162.0,52745.672,8889.72,84304.17799999999,60537.0,16708.212000000003,3026.85,55512.429
punjab,sahibzada ajit singh nagar,117293.0,50670.57600000001,8562.389000000001,71196.85100000001,174042.0,41247.954,6613.596,160814.80800000002
punjab,sangrur,292156.0,133515.29200000002,17821.516,229634.616,156788.0,53935.072,7369.036,144244.96
punjab,barnala,102577.0,50980.769,6667.505,82266.754,54222.0,22231.02,3199.0980000000004,48908.244000000006
chandigarh,chandigarh,8911.0,4179.259,249.508,7841.68,289456.0,76995.296,10130.96,253563.456
uttarakhand,uttarkashi,112148.0,30279.96,3364.44,44298.46,9061.0,1440.6989999999998,72.488,8290.815
uttarakhand,chamoli,163434.0,42983.142,4085.85,76813.98,22906.0,2657.0959999999995,206.154,20042.75
uttarakhand,rudraprayag,112705.0,22315.59,2141.395,57479.55,4454.0,432.038,13.362,4079.864
uttarakhand,tehri garhwal,227059.0,62668.28400000001,6357.651999999999,113756.559,27177.0,2880.762,190.239,26062.743
uttarakhand,dehradun,228245.0,60941.415,8901.555,170270.77,269393.0,54956.17199999999,6465.432,256462.13600000003
uttarakhand,garhwal,279682.0,70200.182,5034.276000000001,135086.406,36780.0,5296.32,404.58,34830.66
uttarakhand,pithoragarh,183687.0,46656.498,4224.801,88169.76,26256.0,2599.344,131.28,25337.04
uttarakhand,bageshwar,96031.0,24103.781000000003,2784.8989999999994,51376.585,3880.0,353.08,34.92,3492.0
uttarakhand,almora,260056.0,62673.49600000001,4420.952,134188.896,21082.0,3056.89,274.06600000000003,19374.358
uttarakhand,champawat,85202.0,34336.405999999995,5112.12,34421.608,12839.0,3607.759,757.5010000000001,10258.361
uttarakhand,nainital,193086.0,61208.262,9847.386,134001.684,105577.0,20904.246,3167.31,100086.996
uttarakhand,udham singh nagar,269406.0,123657.354,18050.202,153292.014,145253.0,52872.092,5810.12,133632.76
uttarakhand,hardwar,301828.0,145782.924,15996.883999999998,151517.65600000002,186183.0,47104.299000000006,4096.026000000001,172405.458
haryana,panchkula,70895.0,24955.04,3473.855,31193.8,93656.0,21259.912,4401.832,82042.656
haryana,ambala,175365.0,77511.33000000002,7540.695,89611.515,139891.0,39729.044,4616.403,124922.663
haryana,yamunanagar,214464.0,101012.544,13725.696000000002,98653.44,143259.0,48564.801,5730.36,131655.021
haryana,kurukshetra,203553.0,93634.38,8752.778999999999,140655.123,88268.0,26127.328,3089.38,81559.632
haryana,kaithal,231091.0,112079.135,11092.368,133339.507,75696.0,27931.824,3103.536,62600.592
haryana,karnal,292682.0,139023.95,14341.418,200779.852,135920.0,39824.56,3533.92,124502.72
haryana,panipat,173502.0,82586.952,7287.084,115725.834,153804.0,59983.56,4460.316,145959.996
haryana,sonipat,283858.0,142496.716,13341.326,159528.19600000005,133576.0,47553.056,4541.584,123157.072
haryana,jind,278335.0,142229.185,13916.75,142785.855,89665.0,30396.435,2510.62,78546.54
haryana,fatehabad,203020.0,94201.28,11572.14,148001.58000000002,55360.0,18711.68,2712.64,50322.24
haryana,sirsa,245476.0,102363.492,14483.084,214791.5,93316.0,30794.28,3825.956,89490.04400000001
haryana,hisar,302013.0,140436.045,16610.715,188758.125,154113.0,49624.386000000006,5085.728999999999,137931.135
haryana,bhiwani,357047.0,163884.57299999995,18923.491,175667.124,99235.0,41281.76,4366.34,86135.98
haryana,rohtak,175203.0,86375.079,8234.541,102318.552,131739.0,43869.08699999999,3556.9530000000004,121331.619
haryana,jhajjar,211816.0,95529.016,10378.984,123912.36,78328.0,32036.152,3524.76,71826.77600000001
haryana,mahendragarh,223726.0,94188.646,6935.505999999999,87253.14,44216.0,16448.352000000003,1238.0479999999998,34134.752
haryana,rewari,199449.0,83170.23300000001,6581.816999999999,99325.602,69305.0,21484.55,1663.32,60849.79
haryana,gurgaon,141703.0,55689.279,4534.496,92957.168,381988.0,104664.712,14897.532,350282.99600000004
haryana,mewat,187398.0,109440.432,16865.82,33356.844,36237.0,14929.644000000002,1739.376,22648.125
haryana,faridabad,87700.0,37886.4,3771.1,51392.2,382981.0,149745.571,9191.544,341619.052
haryana,palwal,186069.0,95081.259,11722.347,59728.149000000005,63090.0,22838.58,2271.24,52238.52
nct of delhi,north west,67592.0,31497.872000000003,3041.64,43326.472,959275.0,329990.6,31656.075,824017.225
nct of delhi,north,4512.0,1141.536,40.608,4421.76,296559.0,110023.389,10379.565,266606.541
nct of delhi,north east,5326.0,1938.664,149.128,5059.7,482255.0,171682.78,9645.1,458624.505
nct of delhi,east,1086.0,72.762,13.032,1065.366,461132.0,111593.944,8761.508,430697.28800000006
nct of delhi,west,1809.0,873.747,32.562000000000005,1575.639,699703.0,201514.46400000004,19591.684,629032.997
nct of delhi,south west,41179.0,14618.545,1358.907,36113.983,606503.0,168001.33099999998,15769.078,553130.736
nct of delhi,south,2918.0,1205.134,134.22799999999998,2643.708,728145.0,220627.935,21116.205,640767.6
rajasthan,ganganagar,397697.0,167430.437,9942.425,323327.661,164897.0,53096.834,5441.601,154343.592
rajasthan,hanumangarh,389059.0,143173.712,9337.416,320195.557,108694.0,34999.468,3369.514,102063.666
rajasthan,bikaner,335754.0,169891.52400000003,16451.946,99047.43,196179.0,53556.867,3335.043,181661.754
rajasthan,churu,344897.0,135199.624,20004.026,162101.59,148996.0,45294.78399999999,3277.9120000000003,130371.5
rajasthan,jhunjhunun,500452.0,122110.288,12010.848,228706.564,150357.0,38190.678,2706.4260000000004,124044.525
rajasthan,alwar,782294.0,309006.13,28162.584,115779.51200000002,212967.0,61334.49600000001,3407.472,168882.83099999998
rajasthan,bharatpur,,,,,129697.0,54472.74,3112.728,90139.415
rajasthan,dhaulpur,214670.0,125367.28,14168.22,10304.16,58626.0,23333.148,2051.91,36817.128
rajasthan,karauli,305047.0,190349.328,17082.631999999998,25013.854,59308.0,24612.82,1838.548,37008.192
rajasthan,sawai madhopur,282057.0,155695.464,12410.508,24821.016,71264.0,24799.872,1852.864,51452.608
rajasthan,dausa,361084.0,170070.564,19137.452,33580.812000000005,59610.0,15975.48,834.54,45899.7
rajasthan,jaipur,754841.0,321562.266,31703.322,166065.02,977838.0,264994.098,11734.056,886899.0660000001
rajasthan,sikar,527560.0,165653.84,14771.68,212079.12,178274.0,47955.706,2852.384,150998.078
rajasthan,nagaur,675712.0,313530.368,42569.856,179063.68,166489.0,53276.48,3995.736,134190.134
rajasthan,jodhpur,584215.0,289186.425,30379.18,80037.455,307442.0,79320.03600000001,5226.513999999999,277005.242
rajasthan,jaisalmer,159117.0,89264.63700000002,5091.744000000001,26572.539,30830.0,12455.32,524.11,20501.95
rajasthan,barmer,542825.0,322438.05,28769.725,52654.025,55980.0,16234.2,1399.5,46351.44
rajasthan,jalor,419216.0,218411.536,35214.144,47371.40800000001,48202.0,17593.73,1928.08,29837.038
rajasthan,sirohi,238535.0,121175.78,16458.915,38642.67,69639.0,18663.252,1323.141,47493.798
rajasthan,pali,512909.0,256967.409,27697.086,95913.983,139808.0,46416.25600000001,3495.2,96607.328
rajasthan,ajmer,409335.0,204258.165,13917.39,57716.235,274919.0,76702.401,3024.1090000000004,236980.178
rajasthan,tonk,298911.0,161710.851,5679.309,20624.859,81755.0,29677.065,2043.875,53713.035
rajasthan,bundi,239836.0,135027.66799999998,8154.424,19906.388000000003,63452.0,21319.872000000003,1269.04,40736.184
rajasthan,bhilwara,530015.0,294158.325,19080.54,55651.575,145865.0,43905.365,1896.245,108961.155
rajasthan,rajsamand,304622.0,166323.61200000002,12794.124000000002,34422.286,61054.0,18865.686,610.54,43592.556
rajasthan,dungarpur,322816.0,200468.736,20014.592,29376.256,31547.0,8076.032000000001,662.487,23376.327
rajasthan,banswara,390437.0,267839.782,35529.767,26940.153,39407.0,9260.645,906.361,32510.775
rajasthan,chittaurgarh,366780.0,201362.22,13204.08,35210.88,88873.0,23817.964,1599.714,64432.925
rajasthan,kota,203454.0,94199.202,5696.712,25024.842,311735.0,91338.355,5922.965,239412.48
rajasthan,baran,249184.0,126336.288,7724.704000000001,18688.8,69804.0,24361.596,1396.08,39997.692
rajasthan,jhalawar,298624.0,178278.52800000002,12840.832,21500.928000000004,63763.0,19128.9,1339.023,42657.447
rajasthan,udaipur,665449.0,399934.849,25287.062,61886.757000000005,182769.0,40209.18,2193.228,157546.878
rajasthan,pratapgarh,209813.0,132601.81600000002,5245.325,13008.406,24269.0,5824.56,339.766,17012.569
uttar pradesh,saharanpur,605082.0,281363.13,34489.674,259580.178,284156.0,105990.188,8808.836,261423.52
uttar pradesh,muzaffarnagar,673746.0,338220.492,30992.315999999995,369886.554,296104.0,118441.6,9475.328,274192.304
uttar pradesh,bijnor,683875.0,359718.25,37613.125,344673.0,224648.0,95924.696,7188.736000000001,207574.75200000004
uttar pradesh,moradabad,692398.0,439672.73,41543.88,330966.244,355518.0,164249.31600000002,11376.576,332764.848
uttar pradesh,rampur,396775.0,257506.97500000003,24600.05,223781.1,143217.0,69460.245,5585.463,135053.631
uttar pradesh,jyotiba phule nagar,335888.0,203212.24,19817.392000000003,135362.86399999997,115486.0,58551.402,4619.44,106247.12
uttar pradesh,meerut,381520.0,190378.48,15642.319999999998,202587.12,422303.0,151606.777,8868.363000000001,392319.487
uttar pradesh,baghpat,246055.0,128686.765,7873.76,144680.34,69991.0,32545.815,2169.721,60542.215
uttar pradesh,ghaziabad,355407.0,180191.349,12794.652,212533.386,836316.0,285183.756,15053.688,792827.568
uttar pradesh,gautam buddha nagar,170835.0,72263.20499999999,4100.04,88321.695,338935.0,95240.735,4406.155,310125.525
uttar pradesh,bulandshahr,658449.0,370706.787,28313.307,203460.741,221628.0,95964.92399999998,6205.583999999999,188383.8
uttar pradesh,aligarh,582117.0,330060.33900000004,25031.031000000003,124573.038,275942.0,116999.408,7450.434,232895.048
uttar pradesh,mahamaya nagar,288150.0,158770.65,12102.3,47544.75,84883.0,39385.712,2716.2560000000003,61709.941000000006
uttar pradesh,mathura,407488.0,217191.104,16299.52,79867.648,177802.0,72009.81,4089.446,144375.22400000002
uttar pradesh,agra,496971.0,262897.659,21369.753,82497.186,406852.0,155417.464,7730.187999999999,333618.64
uttar pradesh,firozabad,349747.0,201454.272,23433.049,39871.158,185621.0,96708.541,7424.84,152394.841
uttar pradesh,mainpuri,338475.0,180745.65,25385.625,45694.125,72783.0,30277.728000000003,3202.452,54878.382000000005
uttar pradesh,budaun,710956.0,464965.2240000001,57587.436,149300.76,156668.0,81154.02399999999,9870.084,121417.7
uttar pradesh,bareilly,631613.0,397916.19,48634.20100000001,282962.624,362798.0,169063.86800000002,14511.92,334862.554
uttar pradesh,pilibhit,371752.0,233088.504,34201.184,131971.96,89638.0,40874.928,7529.592000000001,79598.544
uttar pradesh,shahjahanpur,520289.0,319977.735,62434.68,140478.03,134714.0,66952.85800000001,11046.548,115719.32600000002
uttar pradesh,kheri,754938.0,483160.32,83798.118,138153.654,107672.0,49313.776,9582.808,82046.064
uttar pradesh,sitapur,827583.0,512273.877,100137.543,98482.377,111319.0,47199.256,9462.115,80149.68
uttar pradesh,hardoi,786613.0,490059.899,65288.879,136870.66199999998,121064.0,56173.696,7990.223999999999,89587.36
uttar pradesh,unnao,596317.0,351827.03,43531.141,94218.086,121039.0,53499.238000000005,6172.988999999999,86784.963
uttar pradesh,lucknow,344155.0,196856.66,28564.865000000005,73993.325,717566.0,223163.026,29420.205999999995,629305.382
uttar pradesh,rae bareli,705025.0,390583.85,54991.95,94473.35,73393.0,25027.013000000003,3816.436,52182.423
uttar pradesh,farrukhabad,316647.0,188721.612,27231.642,75678.633,94843.0,43343.251,4457.621,77486.731
uttar pradesh,kannauj,299785.0,174774.655,26381.08,65053.345,65985.0,28571.505,3893.115,49884.66
uttar pradesh,etawah,265643.0,145306.72100000002,20720.154,52597.314000000006,85483.0,34620.615,3590.2860000000005,71292.822
uttar pradesh,auraiya,255836.0,141221.472,23025.24,52190.544,58438.0,22557.068000000003,2337.52,43945.376
uttar pradesh,kanpur dehat,363933.0,206713.944,30570.372000000003,83704.59,41323.0,16322.585,2438.057,27397.149
uttar pradesh,kanpur nagar,364869.0,214542.972,25175.961,86109.084,684906.0,265058.62200000003,32875.488,583539.912
uttar pradesh,jalaun,304856.0,174682.488,8840.824,86274.248,91565.0,37633.215,3204.775,69223.13999999998
uttar pradesh,jhansi,309592.0,146746.60799999998,6191.84,64085.544,195321.0,64260.609,3711.099,139849.836
uttar pradesh,lalitpur,258013.0,136230.86399999997,6966.351000000001,30961.56,43819.0,15862.478,1139.294,27562.151
uttar pradesh,hamirpur,256081.0,129320.905,3841.215,64020.25,55300.0,20516.3,884.8,37991.1
uttar pradesh,mahoba,198298.0,100537.086,3371.066,35297.044,48525.0,23631.675,776.4,26543.175
uttar pradesh,banda,378056.0,199991.624,4158.616,75611.2,67569.0,23784.288000000004,1148.673,49663.215
uttar pradesh,chitrakoot,207237.0,108799.425,3730.266000000001,24453.966,23558.0,11001.586,636.066,13828.546
uttar pradesh,fatehpur,558807.0,320755.218,31851.999,102261.681,77733.0,31792.797,3342.519,56045.493
uttar pradesh,pratapgarh,711085.0,317854.99500000005,44798.355,80352.60500000001,41701.0,13219.217,1251.03,26730.341
uttar pradesh,kaushambi,349856.0,193120.512,15393.664,48280.128,30764.0,13197.756,1353.616,15812.695999999998
uttar pradesh,allahabad,983266.0,479833.808,45230.236,153389.49599999998,265304.0,80917.72,7693.816,222855.36
uttar pradesh,bara banki,635840.0,323642.56,75664.96,83930.88,79068.0,31231.86,6957.984,53608.10399999999
uttar pradesh,faizabad,510378.0,262334.292,47465.154,74004.81,79288.0,28622.968000000004,3885.112,60417.456000000006
uttar pradesh,ambedkar nagar,501559.0,232723.376,49654.34100000001,69716.701,65031.0,27313.02,6373.0380000000005,35376.864
uttar pradesh,sultanpur,839737.0,418189.026,72217.382,110005.547,49891.0,14817.627,2195.204,36370.539
uttar pradesh,bahraich,698520.0,430986.84,60072.72,73344.6,61742.0,25931.64,3519.2940000000003,49084.89
uttar pradesh,shrawasti,248770.0,139808.74,16916.36,25872.08,8504.0,3189.0,850.4,5357.52
uttar pradesh,balrampur,410070.0,232509.69,27474.69,41827.13999999999,35768.0,14486.04,1466.4879999999998,25717.192000000003
uttar pradesh,gonda,673578.0,344198.35800000007,76114.314,53212.662,52794.0,17158.05,2322.936,40704.174
uttar pradesh,siddharthnagar,480165.0,215113.92,31690.89,49937.16,33348.0,11805.192,1734.096,15640.212
uttar pradesh,basti,513960.0,207125.88,51396.0,67328.76,31065.0,11090.205,2112.42,22397.865
uttar pradesh,sant kabir nagar,324972.0,141037.848,33147.144,39971.556,27179.0,10300.841,1739.456,13507.963
uttar pradesh,mahrajganj,573046.0,294545.644,50428.04800000001,95698.682,34033.0,13374.969,1973.914,19875.272
uttar pradesh,gorakhpur,761958.0,356596.344,67814.262,141724.188,189170.0,59777.72,6999.29,152092.68000000002
uttar pradesh,kushinagar,742324.0,414959.116,63097.54,109863.952,42775.0,16553.925000000003,4020.85,26648.825
uttar pradesh,deoria,597778.0,277966.77,50811.13,99828.926,67928.0,22823.808000000005,4483.248,42387.072
uttar pradesh,azamgarh,891024.0,430364.592,80192.16,149692.032,80434.0,30082.316000000003,3860.832,51960.364
uttar pradesh,mau,352207.0,166241.704,35572.907,61988.432,99321.0,43800.56100000001,6753.828,63068.835
uttar pradesh,ballia,564927.0,269470.179,72310.656,125413.794,64454.0,23267.894,5994.222000000001,39316.94
uttar pradesh,jaunpur,926088.0,426926.568,66678.33600000001,142617.55200000005,80582.0,35858.99,3545.6080000000006,57857.876
uttar pradesh,ghazipur,700173.0,358488.576,72817.992,130232.178,61467.0,23603.328,4487.090999999999,40260.885
uttar pradesh,chandauli,344937.0,169019.13,23455.716,64848.156,50822.0,18702.496,2337.812,35168.824
uttar pradesh,varanasi,438935.0,208933.06,29408.645,118951.385,316129.0,113174.182,11064.515,281354.81
uttar pradesh,sant ravidas nagar (bhadohi),293510.0,140004.27,18197.62,36982.26,45997.0,20238.68,2621.829,25574.332
uttar pradesh,mirzapur,465152.0,240018.432,22327.296,89309.18400000001,77963.0,31730.941000000003,2728.705,53404.655
uttar pradesh,sonbhadra,337048.0,188072.784,6066.8640000000005,46175.576,91040.0,31317.76,4278.88,64365.28
uttar pradesh,etah,334246.0,189183.236,23397.22,30750.632,67752.0,29404.368,2100.312,53049.816
uttar pradesh,kanshiram nagar,271234.0,166808.91,24139.826,30378.208,72490.0,36317.49,3189.56,55744.81
bihar,pashchim champaran,839514.0,531412.362,41136.186,96544.11,96620.0,50145.78,7149.88,52078.18
bihar,purba champaran,1142260.0,639665.6,63966.56,177050.3,101565.0,43571.385,5789.205,54845.1
bihar,sheohar,158484.0,94456.464,5388.456,31379.832,7516.0,3382.2,601.28,2773.4039999999995
bihar,sitamarhi,807294.0,473881.578,50052.228,150963.978,49670.0,20762.06,3228.55,30050.35
bihar,madhubani,1047552.0,532156.416,49234.944,181226.496,41234.0,17606.918,2927.614,22884.87
bihar,supaul,572287.0,355390.227,28042.063,52078.117,27815.0,14408.17,2169.57,13017.42
bihar,araria,659061.0,424435.284,24385.257,44157.087,44213.0,21443.305,2829.632,24007.659
bihar,kishanganj,401793.0,249915.246,14062.755,24911.166,43357.0,20117.648,3425.203,22502.283
bihar,purnia,712847.0,464063.397,36355.197,61304.842,85749.0,39530.289,8317.652999999998,50677.65900000001
bihar,katihar,668232.0,414303.84,33411.6,84865.464,69838.0,29541.474,4958.498,47839.03
bihar,madhepura,486278.0,311217.92,30149.236,54949.414,24000.0,11016.0,2087.9999999999995,12312.0
bihar,saharsa,432651.0,278194.593,28554.966,54081.375,38046.0,16397.826,2815.4040000000005,25719.096
bihar,darbhanga,907174.0,478987.872,73481.094,189599.366,95539.0,38215.6,8598.51,64011.13
bihar,muzaffarpur,998694.0,603211.176,83890.296,218713.986,120700.0,43693.4,8207.6,93059.7
bihar,gopalganj,515925.0,273956.175,41274.0,93382.425,38133.0,15100.668,2326.113,19371.564
bihar,siwan,632514.0,294751.52400000003,51866.148,127767.828,41858.0,14399.152,2553.338,29886.612
bihar,saran,701323.0,360480.022,61015.101,124835.494,76299.0,31664.085,6027.621,45016.41
bihar,vaishali,699317.0,397911.373,86015.991,174829.25,51494.0,22966.324,5458.3640000000005,31926.28
bihar,samastipur,1012979.0,599683.5680000001,98258.963,172206.43,43486.0,16785.596,2826.59,30527.172
bihar,begusarai,594377.0,339389.26700000005,68947.732,151566.135,139248.0,60572.88,13646.304000000002,80346.096
bihar,khagaria,373696.0,219733.248,33258.944,81092.032,21007.0,9936.311,1512.504,13927.640999999998
bihar,bhagalpur,522527.0,307245.876,45982.376,131154.277,130634.0,55911.35199999999,10058.818,93664.578
bihar,banka,425604.0,257490.42,28941.072,47242.044,18492.0,8672.748,943.092,8284.416
bihar,munger,222281.0,130256.666,17560.199,58015.34100000001,85782.0,33626.544,5747.394,63650.244000000006
bihar,lakhisarai,175882.0,103594.498,13542.914,47136.376,31763.0,16612.049,2668.092,19566.008
bihar,sheikhpura,108293.0,64975.8,10179.542,26315.199,24345.0,10882.215,1801.53,12708.09
bihar,nalanda,514141.0,306428.036,48843.395,117224.148,102522.0,42854.196,7279.062,75456.192
bihar,patna,657991.0,384266.744,59877.181,181605.516,552103.0,171151.93,28709.356,477569.095
bihar,bhojpur,434559.0,251175.102,37806.633,89084.595,77368.0,31798.248000000003,6344.176,53074.448
bihar,buxar,299252.0,169975.13599999997,31421.46,59850.4,35405.0,14020.38,3115.64,23792.16
bihar,kaimur (bhabua),325143.0,196061.229,21134.295,47145.735,15299.0,5125.165,703.7539999999999,10739.898
bihar,rohtas,512383.0,295644.99100000004,32792.512,108112.813,95678.0,39993.404,5645.002,65443.752
bihar,aurangabad,428291.0,247552.198,28267.205999999995,73666.052,49006.0,20141.466,2646.324,33324.08
bihar,gaya,696289.0,437269.492,55006.831000000006,114887.685,111282.0,40061.52,5230.254,86577.396
bihar,nawada,379551.0,236460.273,39093.753,65662.323,45323.0,17993.231,2900.672,31408.839
bihar,jamui,325909.0,209233.578,26072.72,38783.171,30851.0,15086.139,2622.335,15086.139
bihar,jehanabad,186660.0,114235.92,16986.06,41625.18,28132.0,11027.744,1941.108,19045.364
bihar,arwal,134334.0,83152.746,10478.052,30225.15,9960.0,5149.32,607.56,3884.4
sikkim,north  district,11543.0,5228.978999999999,427.091,8657.25,2066.0,419.398,37.188,2010.218
sikkim,west district,32091.0,16558.956000000002,2535.1890000000003,26988.530999999995,1886.0,290.444,124.47599999999998,1684.198
sikkim,south district,31135.0,14104.155,1836.965,26433.615,8163.0,1248.939,73.467,7991.577000000001
sikkim,east district,40626.0,16900.416,3046.95,34857.108,41512.0,7638.208,705.704,39394.888000000006
arunachal pradesh,tawang,10730.0,5032.37,439.93,7446.620000000001,2452.0,613.0,14.712,2390.7
arunachal pradesh,west kameng,17889.0,8640.386999999999,447.225,6958.821,,,,
arunachal pradesh,east kameng,14503.0,8440.746000000001,377.078,3190.66,5215.0,2466.695,130.375,3337.6
arunachal pradesh,papum pare,20308.0,8996.444,812.32,11128.784,30180.0,9476.52,1056.3,27675.06
arunachal pradesh,upper subansiri,14542.0,9146.918,363.55,5002.448,4672.0,1798.72,56.06399999999999,3975.872
arunachal pradesh,west siang,22272.0,9176.064,178.17600000000002,15835.392,8503.0,2550.9,178.563,8128.867999999999
arunachal pradesh,east siang,19497.0,5459.16,292.455,9241.578,9524.0,5371.536,409.532,8638.268
arunachal pradesh,upper siang,8569.0,2502.148,34.276,4824.347,2182.0,1036.45,24.002,1749.964
arunachal pradesh,changlang,33422.0,16644.156,568.174,21824.566000000003,6498.0,2488.734,51.98400000000001,5932.674
arunachal pradesh,tirap,18420.0,7975.86,184.2,15767.52,6500.0,3068.0,97.5,5973.5
arunachal pradesh,lower subansiri,18112.0,7281.024,271.68,12334.272,5365.0,1314.425,37.55499999999999,5284.525
arunachal pradesh,kurung kumey,18603.0,8315.541000000001,2325.375,4371.705,1092.0,542.724,55.692,880.1519999999999
arunachal pradesh,dibang valley,2055.0,1021.335,147.96,1329.585,1175.0,573.4,65.8,965.85
arunachal pradesh,lower dibang valley,12000.0,6324.0,384.0,5760.0,3950.0,1275.85,146.15,3499.7
arunachal pradesh,lohit,33599.0,18177.059,2015.94,16631.505,11372.0,5310.724,409.39200000000005,10143.824
arunachal pradesh,anjaw,6025.0,3181.2,361.5,1668.925,428.0,292.324,0.0,274.776
nagaland,mon,43607.0,27908.48,610.4979999999999,27341.589,7415.0,3611.105,415.24,6984.93
nagaland,mokokchung,37536.0,12799.776000000002,187.68,36147.168,17742.0,5854.86,124.194,17475.87
nagaland,zunheboto,31267.0,13820.014,531.539,22418.439,6044.0,2181.884,12.088,5705.536
nagaland,wokha,38499.0,19865.484,384.99,22906.905,8170.0,1772.89,16.34,7900.39
nagaland,dimapur,49116.0,21954.852000000003,1571.7120000000002,44990.256,62853.0,21747.138000000003,1319.9130000000002,60841.704
nagaland,phek,38903.0,21163.232,933.672,29332.862,7295.0,2837.755,29.18,6828.12
nagaland,tuensang,40690.0,22379.5,1383.46,20263.62,9451.0,5094.089,292.981,8392.488
nagaland,longleng,12686.0,8385.446,279.092,8753.34,2451.0,1561.287,137.25599999999997,1855.407
nagaland,kiphire,16032.0,9170.304,160.32,5867.712,4290.0,1192.62,17.16,4088.37
nagaland,kohima,31845.0,10699.92,191.07,16623.09,44255.0,14117.345,840.845,40714.6
nagaland,peren,20204.0,10708.12,181.836,15577.284,4073.0,2488.603,85.53300000000002,3783.817
manipur,senapati,38008.0,22690.776,836.176,27555.8,1826.0,1157.684,32.868,1782.1759999999997
manipur,tamenglong,23982.0,13573.812,2014.4880000000005,15924.048,4119.0,2253.0930000000003,428.376,3983.073
manipur,churachandpur,52972.0,28392.992,1218.356,43595.956,4853.0,2547.825,111.619,4794.763999999999
manipur,bishnupur,34977.0,12137.019000000002,2063.643,31864.047,21172.0,6372.772000000001,868.052,19986.368
manipur,thoubal,65961.0,22096.935,3627.855,60486.237,38302.0,10264.936,1991.704,36042.182
manipur,imphal west,51055.0,16899.205,2705.915,46970.6,85746.0,26152.53,3772.824,82916.382
manipur,imphal east,64421.0,23449.244,2963.366,58558.689000000006,46520.0,14653.8,1488.64,44426.6
manipur,ukhrul,36084.0,25403.136,1876.368,29011.536,5806.0,3274.584,243.852,5579.566
manipur,chandel,30377.0,17740.168,1245.457,23420.667,3783.0,1539.681,590.1479999999999,3665.727
mizoram,mamit,16726.0,8312.822,986.834,13899.306,4129.0,883.6059999999999,41.29,4075.323
mizoram,kolasib,9669.0,4554.099,212.718,9253.233,12507.0,4815.195,300.168,12081.762
mizoram,aizawl,20570.0,7117.22,349.69,20035.180000000004,80341.0,13336.606000000002,562.387,79778.613
mizoram,champhai,18395.0,8866.39,882.96,17456.855,12717.0,5646.347999999999,190.755,12386.358
mizoram,serchhip,7472.0,3885.44,463.264,7203.008000000001,8018.0,3736.388,769.7280000000001,7969.892000000001
mizoram,lunglei,21479.0,10696.542,837.6809999999999,17290.595,17315.0,4640.42,138.52,16830.18
mizoram,lawngtlai,21993.0,10930.521,1143.636,13305.765,5273.0,1824.458,84.36800000000001,5183.359
mizoram,saiha,7043.0,2281.932,366.236,6127.41,5784.0,1660.0079999999998,133.03199999999998,5645.184
tripura,west tripura,289621.0,119903.094,11584.84,246757.092,217016.0,69879.152,7812.576,212892.696
tripura,south tripura,219171.0,94024.359,9862.695,181035.246,44906.0,12304.244,1616.616,44007.88
tripura,dhalai,89457.0,42492.075,6440.904,59399.448,14071.0,5628.4,1266.39,13564.444
tripura,north tripura,150437.0,72811.508,12486.271,122606.155,42184.0,14511.295999999998,2995.064,40918.48
meghalaya,west garo hills,139351.0,68281.99,7664.305,78454.613,18594.0,6340.554,1171.422,17459.766
meghalaya,east garo hills,62698.0,30659.322,2257.128,49719.514,11518.0,4872.114,138.216,11137.906
meghalaya,south garo hills,35930.0,18396.16,1437.2,22779.62,3713.0,1555.7469999999998,100.251,3245.1620000000003
meghalaya,west khasi hills,74832.0,41980.752,6884.543999999999,30531.455999999995,12299.0,5755.932,565.7539999999999,11130.595
meghalaya,ribhoi,57988.0,31255.532,3421.292,37170.308,5736.0,1955.976,177.81600000000003,5242.704000000001
meghalaya,east khasi hills,106248.0,56205.192,9881.064,47067.864,108843.0,25578.105,2285.703,105468.867
meghalaya,jaintia hills,76546.0,35517.344,6429.8640000000005,33374.056000000004,7171.0,1003.94,150.591,6891.331
assam,kokrajhar,204896.0,112692.8,26636.48,51019.10399999999,17115.0,4244.52,804.405,15420.615
assam,dhubri,460602.0,295706.484,81065.952,179634.78,60417.0,24045.966,7370.873999999999,48394.01699999999
assam,goalpara,228610.0,138080.44,28804.86,141966.81,39504.0,18329.856,3160.32,33578.4
assam,barpeta,447189.0,282623.44800000003,84071.532,312137.922,52192.0,17640.895999999997,3862.208000000001,48434.176
assam,morigaon,232206.0,145128.75,34366.488000000005,132821.83200000002,25275.0,10817.7,2325.3,22823.325
assam,nagaon,674999.0,400274.407,93149.862,485999.28,124186.0,54269.282,7326.974,118225.072
assam,sonitpur,483325.0,280811.825,49299.15,265828.75,64528.0,20778.016,2903.76,61301.6
assam,lakhimpur,293239.0,190018.872,28444.183,157469.343,34694.0,13079.638,1908.17,32855.218
assam,dhemaji,211758.0,140183.796,21175.8,85338.47399999999,16504.0,7971.432,1188.288,15777.824
assam,tinsukia,290704.0,162794.24,14535.2,224714.192,90910.0,33727.61,4545.5,85909.95
assam,dibrugarh,299852.0,162519.784,17091.564000000002,222490.184,77163.0,22917.411,3163.683,74385.132
assam,sivasagar,360182.0,217189.746,21971.102,258970.858,45047.0,16397.108,1756.833,41983.804
assam,jorhat,286330.0,174374.97,23192.73,168648.37,80824.0,28530.872,3232.96,76136.208
assam,golaghat,292893.0,187451.52,23138.547,190673.343,34190.0,13231.53,1435.98,33403.63
assam,karbi anglong,215691.0,140414.841,9274.713,104610.135,37185.0,19336.2,1338.66,35139.825
assam,dima hasao,37610.0,23468.64,1692.45,21475.31,21309.0,9631.668,703.197,20584.494
assam,cachar,346227.0,197003.163,42239.694,268672.152,88933.0,33083.076,5424.913,85197.814
assam,karimganj,261945.0,150880.32,39029.805,219247.965,32695.0,11802.895,2844.465,31844.93
assam,hailakandi,159215.0,94732.925,26748.12,130397.085,16202.0,4941.61,1231.352,15894.162
assam,bongaigaon,181923.0,116976.489,22740.375,89506.116,38470.0,11156.3,1654.21,35238.52
assam,chirang,129018.0,74185.35,14062.962,30964.32,11613.0,4587.135,1718.724,9859.437
assam,kamrup,390596.0,230842.236,48043.308,222639.72,43849.0,19775.899,3727.165,34509.163
assam,kamrup metropolitan,61334.0,32139.016,6194.734,39683.098000000005,366858.0,100152.234,14307.462,355852.26
assam,nalbari,210706.0,128530.66,20017.07,134219.722,28238.0,12227.053999999998,2400.23,25442.438
assam,baksa,291641.0,187525.163,32663.792,112865.067,3580.0,1904.56,268.5,3368.78
assam,darrang,268517.0,154665.79200000002,47796.026000000005,127814.092,20189.0,6945.016,1736.254,18533.502
assam,udalguri,267790.0,160406.21,28653.53,111132.85,13835.0,4883.754999999999,996.12,12423.83
west bengal,darjiling,303284.0,164379.928,24262.72,158617.532,215675.0,68368.975,11430.775,187637.25
west bengal,jalpaiguri,798378.0,461462.484,127740.48,296198.238,319426.0,118826.472,33539.73,262887.598
west bengal,koch bihar,803407.0,463565.839,101229.282,447497.6990000001,97331.0,32995.209,7689.149,87889.89299999998
west bengal,uttar dinajpur,683981.0,396024.999,84813.644,140900.086,94269.0,37707.6,13763.274,75980.814
west bengal,dakshin dinajpur,390949.0,225186.624,46522.931,107510.975,70077.0,24036.411,6517.161000000001,64190.53199999999
west bengal,maldah,830318.0,489887.62,93825.934,210900.772,128678.0,62408.83,10680.274,95607.754
west bengal,murshidabad,1501066.0,842098.0260000001,255181.22,520869.902,350899.0,170186.015,40704.284,216855.582
west bengal,birbhum,831044.0,432142.88,129642.864,155405.228,134565.0,50192.745,12514.545,82892.04
west bengal,barddhaman,1364868.0,707001.624,128297.592,629204.148,862368.0,329424.576,54329.184,616593.12
west bengal,nadia,1081381.0,582864.3589999999,168695.436,771024.6529999999,468390.0,192976.68,49649.34,437007.87
west bengal,north twenty four parganas,1209337.0,559923.031,238239.389,954166.8930000002,1649803.0,551034.2019999999,89089.36200000001,1550814.82
west bengal,hugli,992085.0,451398.675,116073.945,596243.085,647953.0,218360.161,34341.509,575382.264
west bengal,bankura,900515.0,471869.86,105360.255,148584.975,90885.0,35263.38,8088.765,54894.54
west bengal,puruliya,653219.0,409568.313,48338.206000000006,39846.359,99433.0,43253.355,6662.011,50611.397
west bengal,haora,483384.0,195287.136,67190.376,290997.168,869313.0,305998.17600000004,56505.345,725876.355
west bengal,south twenty four parganas,1568802.0,782832.198,254145.924,862841.1,611430.0,235400.55,49525.83,508098.33
west bengal,paschim medinipur,1364335.0,712182.87,180092.22,571656.365,201048.0,65943.74399999999,16686.984,155209.056
west bengal,purba medinipur,1193006.0,584572.94,215934.086,1021213.136,170707.0,59406.03599999999,17241.407,141345.396
jharkhand,garhwa,272872.0,170272.128,12552.112,13370.728,19180.0,8535.1,1304.24,8880.34
jharkhand,chatra,200974.0,115560.05,9043.83,13264.284,14528.0,6740.991999999999,595.6479999999999,9544.896
jharkhand,kodarma,116714.0,61041.42199999999,4901.988,8870.264,34771.0,15542.637000000002,1877.634,17489.813
jharkhand,giridih,452564.0,242574.30400000003,14029.484000000002,26248.712,46886.0,17347.82,1594.124,28741.118
jharkhand,deoghar,257373.0,155968.038,13126.022999999996,14155.515,64337.0,24062.038,2702.1540000000005,43942.171
jharkhand,godda,276454.0,173336.658,25433.768,21839.866,15576.0,5731.967999999999,654.192,10108.824
jharkhand,sahibganj,223450.0,145465.94999999998,16311.85,20557.4,37543.0,17457.495,2928.354,20385.849
jharkhand,pakur,200588.0,120152.212,14241.747999999998,14642.924,16587.0,7746.129,945.459,7712.955
jharkhand,dhanbad,258764.0,135074.80800000002,12161.908,31569.208,405455.0,180427.475,15812.745,240434.815
jharkhand,bokaro,250312.0,125906.936,10262.792,16520.592,258452.0,94851.884,8270.464,162049.404
jharkhand,lohardaga,96759.0,60474.375,2709.252,7063.406999999999,14725.0,5330.45,647.9000000000001,10381.125
jharkhand,purbi singhbhum,262537.0,133893.87,15227.146,35705.032,342126.0,88268.508,7868.897999999999,276095.682
jharkhand,palamu,355529.0,223272.212,22398.327,26309.146,52375.0,21002.375,2828.25,30534.625
jharkhand,latehar,146377.0,84898.66,3220.2940000000003,10539.144000000002,14137.0,5739.622,706.85,7888.446
jharkhand,hazaribagh,312983.0,151796.755,10328.438999999998,29107.419000000005,68765.0,22761.215,2062.95,50542.275
jharkhand,ramgarh,134067.0,67167.567,5094.545999999999,14747.37,118558.0,47186.084,4268.088,71134.8
jharkhand,dumka,303697.0,194062.383,18221.82,18829.214,23281.0,7799.135,1164.05,14946.402
jharkhand,jamtara,165555.0,103637.43,8112.1950000000015,7284.420000000001,20113.0,6737.855,663.7289999999999,12087.913
jharkhand,ranchi,420740.0,231407.0,12622.2,55537.68,310242.0,98656.956,12719.922,245401.422
jharkhand,khunti,,,,,,,,
jharkhand,gumla,216629.0,137126.157,6282.241,13864.256,16445.0,6314.88,822.25,11264.825
jharkhand,simdega,144169.0,85924.724,4180.901,7064.281000000001,11114.0,4445.6,444.56,5934.876
jharkhand,pashchimi singhbhum,336928.0,171496.35199999998,13477.12,12466.336,63396.0,23773.5,2852.82,37340.244
jharkhand,saraikela-kharsawan,217248.0,116227.68,7820.928000000001,13903.872,68439.0,25048.674,2326.926,44143.155
orissa,bargarh,411566.0,275337.65400000004,34983.11,50622.61800000001,47395.0,22133.465,2227.565,25688.09
orissa,jharsuguda,103224.0,73805.16,6090.216000000001,9703.056,73962.0,33652.71,4141.871999999999,39643.632000000005
orissa,sambalpur,220697.0,153825.809,17214.365999999998,18979.942,94798.0,39056.776,4929.496,56404.81
orissa,debagarh,91408.0,68556.0,12248.672,5393.072000000001,7350.0,4579.05,404.25,3770.55
orissa,sundargarh,387911.0,294424.449,22498.838,32584.524,230151.0,107940.819,10126.644000000002,150748.905
orissa,kendujhar,490634.0,343443.8,42194.524,45628.962,83664.0,40828.032,6442.128000000001,42501.312000000005
orissa,mayurbhanj,689110.0,499604.75,59263.46,103366.5,64479.0,28241.802,5222.799,41266.56
orissa,baleshwar,601154.0,373316.634,69733.864,136461.95799999998,82440.0,34789.68000000001,5935.68,56059.2
orissa,bhadrak,373862.0,240393.266,33273.718,59817.92,54244.0,28586.588000000003,4014.056000000001,28098.392
orissa,kendrapara,414749.0,236406.93,31106.175,65530.342,23494.0,10478.324,2067.472,13579.532
orissa,jagatsinghapur,309685.0,177449.505,21987.635,68440.385,43047.0,24622.884,1592.739,19285.056
orissa,cuttack,579529.0,318740.95,58532.429,129814.496,210768.0,77141.088,13489.152000000002,164399.04
orissa,jajapur,495611.0,286463.158,72359.20599999999,98626.58899999998,45528.0,19531.512,3186.96,27863.136
orissa,dhenkanal,315390.0,206580.45,36269.85,44785.38,36979.0,15457.222,2810.4039999999995,22113.441999999995
orissa,anugul,340410.0,219224.04000000004,40849.2,56848.47,74177.0,28780.676,4895.682,47473.28
orissa,nayagarh,261646.0,168238.378,31920.812,41601.714,26688.0,12943.68,2028.288,14891.904
orissa,khordha,331834.0,207064.416,28205.89,60725.622,356895.0,130623.57,18201.645,273381.56999999995
orissa,puri,402014.0,257690.974,45025.568,62714.184,72210.0,33505.44,4188.18,52929.93
orissa,ganjam,795476.0,490013.216,75570.22,151935.91600000003,219918.0,87747.28199999999,11435.736,143606.454
orissa,gajapati,152095.0,101903.65,8973.605,19316.065,23050.0,9381.35,1152.5,13069.35
orissa,kandhamal,218446.0,150290.848,14417.435999999998,13762.098,24489.0,11387.385,1567.296,13836.285
orissa,baudh,131377.0,98664.127,6174.719,11823.93,6577.0,3689.697,355.158,3374.001
orissa,subarnapur,176927.0,130925.98,12738.744,13977.233,16575.0,10177.05,961.35,6464.25
orissa,balangir,476770.0,327064.22,33373.9,48153.77,62192.0,29168.048,4229.056,36133.552
orissa,nuapada,197258.0,143801.08200000002,9468.383999999998,25051.766,11869.0,6254.963000000001,771.485,5744.596
orissa,kalahandi,456336.0,320804.208,42895.584,37419.552,38412.0,18360.936,2650.428,22586.256
orissa,rayagada,237343.0,165428.07100000005,13528.551,15664.638,49205.0,17615.39,2115.815,29769.025
orissa,nabarangapur,342840.0,237588.12,15084.960000000005,19884.72,29424.0,15123.935999999998,1441.776,15712.416
orissa,koraput,381789.0,250835.373,20234.817,31306.698,78339.0,30473.871,4386.984,50842.011000000006
orissa,malkangiri,167884.0,112985.932,12423.416,10073.04,15839.0,7238.423000000001,1330.476,7555.203
chhattisgarh,koriya,121852.0,61535.26,2680.744,10357.42,59763.0,22411.125,776.9190000000001,35439.459
chhattisgarh,surguja,,,,,65167.0,19159.098,1042.672,39947.371
chhattisgarh,jashpur,,,,,20722.0,7832.916,248.664,8744.684000000001
chhattisgarh,raigarh,354278.0,203355.572,17005.343999999997,46056.14,66638.0,25189.164,1999.14,38183.574
chhattisgarh,korba,206598.0,112389.312,6611.136000000001,24585.162,126055.0,37438.335,2016.88,73868.23
chhattisgarh,janjgir - champa,379583.0,223953.97,21256.648,41754.13,61190.0,26801.22,2325.22,27168.36
chhattisgarh,bilaspur,549632.0,324832.512,28580.864,91238.912,188174.0,67930.814,5833.394,123630.318
chhattisgarh,kabeerdham,187311.0,114072.399,11613.282,16857.99,23868.0,8759.556,1217.2679999999998,11814.66
chhattisgarh,rajnandgaon,313604.0,149589.108,10662.535999999998,58016.74,76528.0,25101.184,1913.2,40712.896
chhattisgarh,durg,533448.0,279526.752,26672.4,74682.72,349741.0,103523.336,7694.302000000001,218937.866
chhattisgarh,raipur,673499.0,383894.43,39736.441,86881.371,395001.0,118895.30100000002,11455.029,256750.65
chhattisgarh,mahasamund,274793.0,164875.8,12640.477999999996,41768.53599999999,35774.0,14738.888,1466.734,17922.774
chhattisgarh,dhamtari,168689.0,92947.639,7084.938,40822.738,41792.0,16382.464000000002,1462.72,22400.512
chhattisgarh,uttar bastar kanker,169191.0,78673.815,5075.73,25040.268000000004,24878.0,9403.883999999998,796.096,15150.702
chhattisgarh,bastar,316425.0,165173.85,10758.45,43983.075,54894.0,19432.476,1591.9260000000002,33485.34
chhattisgarh,narayanpur,26916.0,15503.616000000002,1184.304,1103.5559999999998,6179.0,3416.987,135.93800000000002,2731.1180000000004
chhattisgarh,dakshin bastar dantewada,106545.0,53379.045,3409.44,7671.24,31304.0,11050.312,907.816,15589.392
chhattisgarh,bijapur,50449.0,28503.685,2118.858,1362.1230000000005,7942.0,4860.504,246.202,2231.702
madhya pradesh,sheopur,150146.0,90688.184,7957.737999999999,8708.467999999999,26376.0,10708.656,844.0320000000002,15087.072000000002
madhya pradesh,morena,319298.0,170824.43,16603.496,21392.966,95288.0,34017.816,2001.048,70322.544
madhya pradesh,bhind,271211.0,139944.876,12475.705999999998,25222.623000000003,88385.0,35972.69500000001,2209.625,59483.105
madhya pradesh,gwalior,172720.0,83078.32,7772.4,29880.56,272172.0,73214.268,5443.44,236789.64
madhya pradesh,datia,160453.0,74931.551,4332.231000000001,18131.189,43401.0,15103.548,1302.03,27386.031000000003
madhya pradesh,shivpuri,367859.0,199747.437,15450.078,20600.104,66759.0,21029.085,1869.252,43860.663
madhya pradesh,tikamgarh,322772.0,144279.084,9360.388,12588.108,60220.0,19812.38,1625.94,27219.44
madhya pradesh,chhatarpur,375869.0,169892.788,9772.594,19545.188,95048.0,27658.968000000004,1520.7680000000005,55032.792
madhya pradesh,panna,256744.0,121953.4,7702.32,12837.2,32179.0,11584.44,740.117,17312.302
madhya pradesh,sagar,448408.0,231378.528,21075.176,50221.696,165507.0,53127.747,4137.675,107083.029
madhya pradesh,damoh,303387.0,164132.367,15169.35,17899.833,66514.0,22681.274,1928.906,37380.868
madhya pradesh,satna,461831.0,181037.75200000004,10160.282,105297.468,114173.0,26716.482,2625.979,69074.665
madhya pradesh,rewa,523910.0,181796.77,11002.11,93255.98,94489.0,20598.602,2267.736,56220.955
madhya pradesh,umaria,138100.0,65183.2,5800.2,8009.8,29966.0,8480.378,629.2860000000001,16541.232000000004
madhya pradesh,neemuch,174235.0,80670.805,4878.579999999999,22999.02,67962.0,18757.512,951.4679999999998,43223.832
madhya pradesh,mandsaur,302287.0,150236.639,6952.601,40204.171,81832.0,24140.44,1391.144,55809.424000000006
madhya pradesh,ratlam,266716.0,153895.132,9335.06,35739.944,107151.0,29466.525,1500.114,88721.02799999999
madhya pradesh,ujjain,300765.0,165119.985,11429.07,53836.935,188684.0,56793.884000000005,3584.996,157739.824
madhya pradesh,shajapur,312611.0,177250.437,13754.884000000002,41889.874,73997.0,23753.037,1775.928,49355.999
madhya pradesh,dewas,274995.0,134747.55,17049.69,59673.915,101014.0,30809.27,2626.364,78083.82199999999
madhya pradesh,dhar,412348.0,232976.62,19380.356,79170.81599999999,103364.0,31732.748,3100.92,78970.096
madhya pradesh,indore,200371.0,82953.594,9217.066,83153.965,587947.0,136991.65099999998,15874.569,530916.1410000001
madhya pradesh,khargone (west nimar),383543.0,218235.967,24163.209,49860.59,76620.0,22602.9,2451.84,56545.56
madhya pradesh,barwani,250358.0,150715.516,13018.616000000002,25786.874000000003,48912.0,18293.088,2005.392,32330.832
madhya pradesh,rajgarh,331894.0,200463.976,21573.11,25887.732,69823.0,24926.811,2234.336,42592.03
madhya pradesh,vidisha,292579.0,132245.708,8777.37,33646.585,83830.0,25651.98,1760.43,59938.45
madhya pradesh,bhopal,118893.0,55404.138,5112.398999999999,25561.995,581826.0,175129.62600000002,15127.476,488152.0140000001
madhya pradesh,sehore,270427.0,117906.172,17848.182,58682.65899999999,59220.0,18535.86,1480.5,46843.02
madhya pradesh,raisen,251272.0,116590.20799999998,18091.584000000003,46485.32,74441.0,27096.524,2977.64,53597.52
madhya pradesh,betul,318945.0,145438.92,15309.36,41143.905,87704.0,26574.312,2631.12,62796.06399999999
madhya pradesh,harda,112714.0,47565.308000000005,8678.978000000001,43169.46199999999,31845.0,8438.925,1401.18,25253.085
madhya pradesh,hoshangabad,209650.0,92036.35,21384.3,70861.7,105746.0,30349.102,3595.364,85231.276
madhya pradesh,katni,276151.0,128410.215,12150.644000000002,23748.986,72880.0,20843.68,1749.12,47955.04
madhya pradesh,jabalpur,272284.0,125795.208,15520.188,72972.11200000001,352477.0,103628.23799999998,10221.833,282686.554
madhya pradesh,narsimhapur,230659.0,112792.251,22604.582,63431.225,53059.0,17880.883,3130.481,38096.362
madhya pradesh,dindori,218021.0,111626.752,5886.567000000001,8066.777000000001,9774.0,3684.7980000000007,537.57,5405.022
madhya pradesh,mandla,279674.0,120819.168,12025.982,18738.158,37258.0,10655.788,1490.32,24254.958
madhya pradesh,chhindwara,413142.0,207810.426,21070.242,50816.46600000001,140802.0,47168.67,5209.674,93351.726
madhya pradesh,seoni,335045.0,151105.295,16417.205,50926.84,47542.0,13169.133999999998,1663.97,35133.538
madhya pradesh,balaghat,400074.0,153228.342,21603.996,46808.658,70793.0,20813.142,2406.962,44670.383
madhya pradesh,guna,212765.0,104680.38,6170.185,15744.61,72320.0,24299.52,2386.56,43102.72
madhya pradesh,ashoknagar,169606.0,74626.64,4579.362,11872.42,37135.0,14037.03,631.295,20907.005
madhya pradesh,shahdol,233594.0,103248.548,6774.226,17753.144,57846.0,16891.032,1561.842,36847.902
madhya pradesh,anuppur,,,,,,,,
madhya pradesh,sidhi,250953.0,95864.04600000002,4768.107,10289.073,25916.0,6945.488,388.74,12698.84
madhya pradesh,singrauli,228732.0,101557.008,4345.907999999999,5032.104,58593.0,15878.703,1523.418,30526.953
madhya pradesh,jhabua,211080.0,132136.08,10765.08,12242.64,24713.0,6301.815,444.834,18979.584
madhya pradesh,alirajpur,135866.0,84372.786,5434.64,6793.3,14662.0,4369.276000000001,381.2120000000001,11040.486
madhya pradesh,khandwa (east nimar),265663.0,139207.41199999998,21253.04,46225.362,63425.0,19725.175,2790.7,43953.525
madhya pradesh,burhanpur,115979.0,56133.836,7422.656000000001,21456.115,62861.0,26213.037,2451.579,43122.64599999999
gujarat,kachchh,488293.0,124026.422,5371.223000000001,240240.156,250982.0,53710.148,2509.82,220613.178
gujarat,banas kantha,666773.0,258707.924,26670.92,114018.183,137424.0,32706.912,2061.36,107190.72
gujarat,patan,301483.0,112453.159,11456.354,108232.397,102655.0,26177.025,1539.825,84587.72
gujarat,mahesana,476005.0,156129.63999999998,12376.13,211346.22,183738.0,40054.884,2388.594,156177.3
gujarat,sabar kantha,544024.0,223593.86400000003,11424.504,169191.46400000004,121509.0,32928.939000000006,1944.144,93197.403
gujarat,gandhinagar,237624.0,86970.384,5465.352,101703.072,195634.0,47734.696,2543.242,158072.272
gujarat,ahmadabad,353169.0,143033.445,7063.38,116192.601,1845383.0,441046.537,11072.298,1699597.7429999998
gujarat,surendranagar,340788.0,124046.832,7838.123999999999,70883.90400000001,159810.0,38034.78,2237.34,111867.0
gujarat,rajkot,459474.0,130490.616,6892.11,202168.56,721532.0,158015.508,7936.852000000001,624125.18
gujarat,jamnagar,347158.0,104494.558,5554.528,120810.98399999998,299167.0,68808.41,2991.67,250701.946
gujarat,porbandar,96015.0,29188.56,2208.345,37541.865,87557.0,21539.022,1138.241,67769.118
gujarat,junagadh,489237.0,159980.499,8317.029,225049.02,287506.0,68713.934,4025.084,246392.642
gujarat,amreli,313714.0,90663.346,5333.137999999999,163444.994,116899.0,28874.053,1168.99,91648.81600000002
gujarat,bhavnagar,387251.0,128567.332,5808.765,124307.571,356826.0,91704.282,3925.086,291170.016
gujarat,anand,413078.0,170601.21399999998,8674.638,170601.21399999998,208909.0,54525.249,2715.817,173394.47
gujarat,kheda,461479.0,194744.138,11536.975,117215.666,160547.0,40136.75,2408.205,126029.395
gujarat,panch mahals,463363.0,233534.952,12047.438,78771.71,104238.0,25434.072,1146.618,87664.158
gujarat,dohad,323697.0,192599.715,6797.637000000001,19745.517,52807.0,12462.452,580.8770000000001,37915.426
gujarat,vadodara,547454.0,251828.84,10949.08,156024.39,692971.0,137901.229,5543.768,636840.349
gujarat,narmada,138121.0,60635.11899999999,1795.573,22099.36,22248.0,7497.576000000001,422.712,16619.256
gujarat,bharuch,300677.0,114858.614,4510.155,137710.066,181319.0,36626.438,1087.914,162099.18600000002
gujarat,the dangs,52102.0,18913.026,573.1220000000001,13181.806,7516.0,2014.288,52.612,4344.248
gujarat,navsari,267739.0,92369.955,3748.346,119143.855,141417.0,28283.4,1272.753,121194.369
gujarat,valsad,262410.0,104176.77,3411.33,72425.16,235981.0,58051.32600000001,2123.829,179345.56
gujarat,surat,369840.0,114280.56,4438.08,184550.16,1529998.0,302939.60400000005,7649.99,1435138.124
gujarat,tapi,192272.0,69794.73599999999,1922.72,44222.56,26217.0,7812.666,209.736,20318.175
daman and diu,diu,9788.0,1243.076,29.364,4238.204,9062.0,969.634,18.124,6769.314
daman and diu,daman,10006.0,2641.584,90.054,5733.437999999999,61073.0,22658.083,366.43799999999993,53011.364
dadra and nagar haveli,dadra and nagar haveli,48221.0,21940.555,385.768,12778.565,60562.0,12596.896,121.124,49236.906
maharashtra,nandurbar,333440.0,163052.16,13004.16,74357.12,71572.0,20899.024,2361.876,45448.22
maharashtra,dhule,382777.0,143158.598,13014.418,71579.299,146013.0,33144.951,2336.208,95346.489
maharashtra,jalgaon,796223.0,309730.747,43792.265,179946.39800000002,373565.0,101236.115,6350.605,242443.68500000003
maharashtra,buldana,575405.0,269864.945,38552.135,167442.855,152787.0,52558.728,5347.545,93047.283
maharashtra,akola,308158.0,146375.05,21879.218,95220.822,196077.0,66274.026,7254.849,141763.671
maharashtra,washim,274925.0,127290.275,18419.975,75604.375,55921.0,19963.797,1453.946,37634.833
maharashtra,amravati,508921.0,226978.766,33588.78599999999,209166.531,272894.0,85415.82200000001,7913.925999999999,214494.684
maharashtra,wardha,268486.0,117328.382,25506.17,126725.392,120218.0,28852.32,4448.066000000001,94250.912
maharashtra,nagpur,430844.0,168029.16,35760.052,198619.08400000003,877522.0,207972.714,24570.615999999995,789769.8
maharashtra,bhandara,283843.0,123755.548,22991.283,158384.39399999997,72575.0,18143.75,2467.55,61180.725
maharashtra,gondiya,319702.0,128839.906,16624.504,151858.45,66813.0,18039.51,2204.829,51646.44899999999
maharashtra,gadchiroli,293586.0,125067.636,25541.982,65176.092,37254.0,10058.58,1490.16,24550.386
maharashtra,chandrapur,451324.0,186396.812,50548.288,131335.284,233331.0,58799.412,7933.254,167298.32700000002
maharashtra,yavatmal,629243.0,295114.967,50968.683,137174.97400000002,168889.0,49484.477,6586.670999999999,115182.298
maharashtra,nanded,591119.0,302652.928,46107.282,113494.84799999998,230563.0,80697.05,9222.52,168772.116
maharashtra,hingoli,242456.0,113226.952,14547.36,65220.664,41913.0,16220.331,1299.303,27536.841
maharashtra,parbhani,293480.0,138816.04,24358.84,39032.84,133759.0,47885.722,5885.396000000001,89484.77100000001
maharashtra,jalna,404746.0,165945.86,27927.474,118185.832,98084.0,35800.66,3040.6040000000003,68854.968
maharashtra,aurangabad,551789.0,219060.233,44143.12,109254.222,427343.0,96579.518,5982.802,373497.782
maharashtra,nashik,904661.0,312108.045,50661.016,265065.673,764271.0,185717.853,19106.775,528111.2609999999
maharashtra,thane,713994.0,262749.792,41411.652,283455.618,2904157.0,630202.069,31945.727000000003,2163596.965
maharashtra,raigarh,581868.0,164668.644,20947.248,296170.812,377160.0,66757.32,4148.76,305499.6
maharashtra,pune,1165718.0,278606.602,57120.182,720413.7239999999,2056739.0,429858.451,26737.607000000004,1655674.895
maharashtra,ahmadnagar,1041393.0,318666.25800000003,77063.082,407184.66300000006,282011.0,65144.541000000005,7050.275,207560.096
maharashtra,bid,563114.0,230876.74,45049.12,86719.556,135457.0,41720.756,3928.253,93600.787
maharashtra,latur,428616.0,171875.016,24431.112,106296.768,157016.0,48046.89600000001,4082.416,122315.464
maharashtra,osmanabad,367158.0,140254.35600000003,22763.796,81509.076,77832.0,24594.912,2179.296,44986.89599999999
maharashtra,solapur,779929.0,230858.98400000003,60834.462,250357.20900000003,376302.0,115901.016,7149.737999999999,229167.918
maharashtra,satara,774522.0,215317.116,41049.666,542939.9219999999,200949.0,41596.443,5425.6230000000005,151515.546
maharashtra,ratnagiri,538538.0,154560.406,22080.058,361897.536,100824.0,16736.784,1915.656,82675.68
maharashtra,sindhudurg,295847.0,81653.772,13608.962,220110.168,44989.0,10707.382,1349.67,39050.452
maharashtra,kolhapur,796496.0,193548.528,15929.92,592593.0240000001,382818.0,84985.59599999999,4593.816,285965.04600000003
maharashtra,sangli,626872.0,171762.928,31970.472,379257.56,226801.0,57380.653,5443.224,175997.57599999997
telangana,adilabad,597466.0,213295.362,38835.29,82450.308,220248.0,51758.28,6166.944,155715.336
telangana,nizamabad,565165.0,179722.47,24302.095,166158.51,155133.0,39403.782,3412.9260000000004,132638.715
telangana,karimnagar,877236.0,284224.464,44739.03599999999,300014.71200000006,288044.0,60489.24,5184.792,243109.13600000003
telangana,medak,593653.0,205403.938,26120.732000000004,188781.654,195479.0,37922.926,2345.748,165375.234
telangana,rangareddy,432098.0,110184.99,9506.156,187962.63,1129224.0,182934.288,7904.567999999999,1084055.04
telangana,mahbubnagar,848963.0,261480.604,52635.706000000006,151964.37699999998,161052.0,30599.88,2737.884,125781.612
telangana,nalgonda,833504.0,285058.368,49176.736,265887.77599999995,197433.0,47976.219000000005,3356.361,160315.59600000002
telangana,warangal,758738.0,294390.344,64492.73,225345.186,288249.0,68315.01299999999,8359.221,237517.176
telangana,khammam,669262.0,226879.818,34801.624,250303.988,201363.0,45508.03800000001,4429.986000000001,171964.00200000004
andhra pradesh,srikakulam,752752.0,241633.392,26346.32,96352.256,149684.0,32032.376,2544.628,98641.756
andhra pradesh,vizianagaram,592458.0,183069.522,19551.114,63393.006,157056.0,31411.2,2984.064,104285.184
andhra pradesh,visakhapatnam,718847.0,213497.559,23003.104,153833.258,660493.0,112283.81,7265.423000000001,551511.655
andhra pradesh,east godavari,1199479.0,364641.616,46779.681,563755.13,406362.0,84929.658,6908.154,354754.026
andhra pradesh,west godavari,1007255.0,302176.5,48348.24,593273.195,248373.0,52406.70300000001,5464.206000000001,220306.851
andhra pradesh,krishna,909292.0,280061.936,40008.848000000005,511022.1040000001,567042.0,113975.442,9639.714,527349.06
andhra pradesh,guntur,1069877.0,331661.87,44934.834,497492.805,513113.0,112371.747,9749.147,442816.519
andhra pradesh,prakasam,873486.0,260298.828,36686.412,244576.08,214089.0,45386.868,4281.78,165704.88600000003
andhra pradesh,sri potti sriramulu nellore,689137.0,192269.223,29632.891,175729.935,264376.0,43886.416000000005,5023.143999999999,208328.288
andhra pradesh,y.s.r.,590589.0,129338.991,15355.314000000002,167727.27599999998,293504.0,54591.744000000006,3228.5440000000003,232161.664
andhra pradesh,kurnool,783853.0,211640.31,25867.149,216343.428,306982.0,64466.22,4297.748,223175.914
andhra pradesh,anantapur,902997.0,195950.349,26186.913,198659.34,341431.0,71359.079,4438.603,260170.422
andhra pradesh,chittoor,,,,,395900.0,58197.3,4750.8,322658.5
karnataka,belgaum,962777.0,370669.145,45250.519,178113.745,356198.0,90830.49,6767.762,257887.35200000004
karnataka,bagalkot,324799.0,139338.771,16889.548,23385.528,165858.0,54567.282,6136.746,70489.65
karnataka,bijapur,396449.0,165319.233,26958.532,19822.45,131041.0,36298.357,3800.189,77969.395
karnataka,bidar,287134.0,162804.978,14356.7,25267.792,102269.0,30680.7,3068.07,69645.189
karnataka,raichur,330446.0,142752.67200000002,23461.666,33044.6,125402.0,38749.218,4514.472,63202.608
karnataka,koppal,272968.0,107549.392,14194.336,32756.16,64681.0,17269.827,2393.197,31305.604
karnataka,gadag,180066.0,75267.588,9183.366,16566.072,111906.0,39950.442,3804.804,47336.238
karnataka,dharwad,199707.0,80681.628,7788.572999999999,46132.317,283397.0,82185.13,5667.94,232385.54
karnataka,uttara kannada,334281.0,160789.161,21393.984,169146.18600000002,140511.0,52410.603,4496.352,113251.866
karnataka,haveri,315076.0,141469.124,15753.8,88851.43199999999,98488.0,29447.912,2856.152,68646.136
karnataka,bellary,371604.0,148269.99599999998,20066.616,44964.084,251876.0,72540.288,7556.28,159941.26
karnataka,chitradurga,349704.0,157366.8,20632.536,66793.464,97644.0,30953.148,1952.88,72158.91600000001
karnataka,davanagere,354680.0,163507.48,20571.44,105694.64,176011.0,54035.377,4928.308,142392.899
karnataka,shimoga,352444.0,161419.35199999998,25728.412,217810.392,201662.0,64935.164,6453.184,176857.57400000002
karnataka,udupi,269817.0,93086.865,11332.314000000002,225567.012,115572.0,28893.0,2427.012,110949.12
karnataka,chikmagalur,311660.0,141805.3,17141.3,168608.06,80766.0,24633.63,2342.214,72204.804
karnataka,tumkur,685443.0,280346.187,39755.694,125436.069,204799.0,57138.921,5119.975,168959.175
karnataka,bangalore,300576.0,86565.888,7514.4,224830.848,2967384.0,590509.416,32641.224,2872427.712
karnataka,mandya,458867.0,202819.21400000004,20649.015,126188.425,103435.0,31961.415,3206.485,88850.665
karnataka,hassan,496103.0,241602.161,30758.386,132459.501,132878.0,39464.766,3189.072,119457.322
karnataka,dakshina kannada,332919.0,135830.952,12318.003,293301.639,317373.0,83469.099,5077.968000000001,309756.04799999995
karnataka,kodagu,181182.0,72472.8,8334.372,142771.416,31792.0,10618.528,1017.344,30838.24
karnataka,mysore,540596.0,259486.08,28651.588,145960.92,380386.0,108410.01,8368.492,358323.612
karnataka,chamarajanagar,262680.0,124773.0,18387.6,40452.72,57200.0,21392.8,2574.0,36779.6
karnataka,gulbarga,400704.0,173905.53599999996,14826.048,18031.68,199303.0,57399.264,2989.545,135924.646
karnataka,yadgir,207787.0,106386.944,11428.285,8934.841,55208.0,18991.552,1601.032,22193.616
karnataka,kolar,326567.0,133565.903,16654.917,83274.585,151042.0,47729.272,2416.672,121135.684
karnataka,chikkaballapura,315649.0,120893.567,15466.801,72599.27,94053.0,26240.787,1504.8480000000002,79286.67899999999
karnataka,bangalore rural,231052.0,84333.98,8548.924,174444.26,95410.0,27764.31,1621.97,87109.33
karnataka,ramanagara,266950.0,116123.25,18152.6,74746.0,84834.0,29013.228000000003,2714.688,75078.09
goa,north goa,115859.0,26647.57,2085.462,79595.133,209230.0,41009.08,2301.53,178473.19
goa,south goa,88620.0,20737.08,1772.4,65401.56,162873.0,39741.012,2443.095,138767.796
lakshadweep,lakshadweep,5289.0,2161.0854,92.0286,5186.3934,15953.0,2284.4696,76.5744,15587.6763
kerala,kasaragod,251641.0,80273.47899999999,19124.716,223457.208,166164.0,30740.34,4486.428000000001,160514.424
kerala,kannur,306288.0,95255.568,18989.856,294955.344,566191.0,109841.054,11890.011,557698.135
kerala,wayanad,266183.0,94228.782,23956.47,244089.811,11805.0,4722.0,649.275,11250.165
kerala,kozhikode,323793.0,87747.903,21370.338,314079.21,666543.0,128642.799,23995.548000000003,654545.226
kerala,malappuram,634543.0,175133.86800000002,26650.806,612333.995,522586.0,111310.818,13064.65,514747.21
kerala,palakkad,665899.0,235728.246,35958.546,587322.9180000001,228442.0,64192.202000000005,7538.585999999999,216791.458
kerala,thrissur,336748.0,118535.29600000002,17174.147999999997,326308.81200000003,715119.0,203808.915,29319.879,702961.9770000001
kerala,ernakulam,369694.0,109429.424,18484.7,358233.48600000003,804997.0,179514.331,24954.907000000003,791312.051
kerala,idukki,391610.0,172700.01,32503.630000000005,347358.07,20823.0,4893.405,291.522,20677.239
kerala,kottayam,481967.0,168688.45,22170.482,462688.32,196194.0,51991.41,5101.044,192662.508
kerala,alappuzha,331419.0,99094.281,25519.263000000003,301259.87100000004,392117.0,104695.239,25487.605,371334.799
kerala,pathanamthitta,414992.0,125327.584,20334.608,388847.504,57848.0,13709.976,1619.744,55534.08
kerala,kollam,523715.0,156590.785,39278.625,487054.95,401415.0,97945.26,22077.825,386964.06
kerala,thiruvananthapuram,559293.0,191278.206,57047.886,513990.2670000001,609824.0,157944.416,37199.264,587260.512
tamil nadu,thiruvallur,387237.0,125464.788,12778.820999999998,109588.071,732196.0,132527.47600000002,7321.96,650190.048
tamil nadu,kancheepuram,438799.0,139099.283,10092.377,128568.10700000002,774705.0,136348.08000000002,6197.64,663147.48
tamil nadu,vellore,653499.0,181672.722,15030.477,125471.808,486801.0,102228.21,7302.015,346602.31200000003
tamil nadu,tiruvannamalai,563102.0,163299.58,12951.345999999998,70387.75,147061.0,27500.407,1911.793,95736.711
tamil nadu,viluppuram,808042.0,290895.12,16160.84,106661.54399999998,159272.0,37906.736,2389.08,104482.432
tamil nadu,salem,572813.0,184445.786,13174.699,83630.698,597539.0,145799.516,7768.007,328048.911
tamil nadu,namakkal,370357.0,94070.678,6666.426,115551.384,257127.0,62481.861,3085.5239999999994,140391.342
tamil nadu,erode,411286.0,117627.79600000002,8225.72,138603.382,432398.0,102910.724,4756.378000000001,275869.924
tamil nadu,the nilgiris,112126.0,38795.596,2354.646,47429.298,151979.0,55320.356,2887.601,89515.631
tamil nadu,dindigul,443818.0,139802.67,7988.724,83881.602,269724.0,69858.516,3776.136,154821.576
tamil nadu,karur,212241.0,61549.89,4669.302,48815.43,152420.0,30636.42,1371.78,102273.82
tamil nadu,tiruchirappalli,452707.0,134906.686,10864.968,108649.68,423020.0,90526.28,5076.24,313880.84
tamil nadu,perambalur,155413.0,46934.726,3419.086,24244.428,33179.0,5607.251,298.61100000000005,18314.808
tamil nadu,ariyalur,223955.0,84878.945,7614.47,31801.61,30322.0,8399.194,606.44,15555.185999999998
tamil nadu,cuddalore,497429.0,193499.881,11938.295999999998,98988.371,260780.0,68845.92,3911.7,178895.08
tamil nadu,nagapattinam,399016.0,178360.15200000003,12768.512000000002,124492.992,118724.0,36804.44,2849.376,82750.62800000001
tamil nadu,thiruvarur,321331.0,143956.288,13174.570999999998,101219.265,86848.0,24230.592,1476.4160000000002,63225.344
tamil nadu,thanjavur,479070.0,206479.17,21558.15,137972.16,274302.0,78724.674,5486.04,205177.896
tamil nadu,pudukkottai,399712.0,157886.24,16787.904000000002,70749.02399999999,104229.0,26161.479000000003,1667.6640000000002,72230.69699999999
tamil nadu,sivaganga,309224.0,98024.008,9276.72,73904.536,143193.0,31502.46,2004.702,112406.505
tamil nadu,madurai,417718.0,134087.478,8772.078000000001,86467.62599999999,592723.0,102541.079,4741.784000000001,502629.104
tamil nadu,theni,189328.0,66643.456,3975.888,46953.344000000005,221295.0,66167.205,2876.835,115073.4
tamil nadu,virudhunagar,363782.0,98221.14,6184.294,53112.172,370942.0,71591.80600000001,3338.478,173971.798
tamil nadu,ramanathapuram,290478.0,99924.432,8714.34,65357.55,126761.0,31817.011,2028.176,89493.266
tamil nadu,thoothukkudi,336078.0,112586.13,6721.56,94773.996,300661.0,69753.352,3908.593,219783.191
tamil nadu,tirunelveli,547962.0,166032.486,8767.392,181923.384,516705.0,129692.955,5683.755,325007.445
tamil nadu,kanniyakumari,104253.0,37114.068,2814.831,86634.24299999999,493788.0,162950.04,14813.64,436508.592
tamil nadu,dharmapuri,396819.0,131347.089,9920.475,42459.633,91107.0,20954.61,1457.7120000000002,53753.13
tamil nadu,krishnagiri,437988.0,143222.076,9635.736,84093.696,142552.0,26087.016,855.312,111618.216
tamil nadu,coimbatore,284795.0,78033.83,4556.72,94836.735,884957.0,213274.637,7079.656000000001,689381.5030000001
tamil nadu,tiruppur,356886.0,98500.536,6067.062,110277.774,538022.0,126973.192,3766.154,403516.5
pondicherry,pondicherry,87296.0,27847.424,2269.696,31251.968,203741.0,38710.79,2444.892,168086.325
pondicherry,karaikal,35618.0,13107.424,747.9780000000001,16954.168,33715.0,7080.15,404.58,25083.96
andaman and nicobar islands,nicobars,15958.0,3798.004,191.496,12910.022000000004,,,,
andaman and nicobar islands,north  and middle andaman,39091.0,17317.313,1055.457,18763.68,1094.0,611.5459999999999,72.204,613.734
andaman and nicobar islands,south andaman,34901.0,11691.835,1221.535,22580.947,50631.0,10835.034,607.572,44454.018
nct of delhi,new delhi,,,,,52664.0,15167.232,1948.568,41025.256
nct of delhi,central,,,,,194897.0,76594.521,6236.704000000001,176966.47599999997
west bengal,kolkata,,,,,1308106.0,404204.754,35318.862,1241392.594
maharashtra,mumbai suburban,,,,,3078829.0,834362.6590000001,43103.606,1684119.4630000002
maharashtra,mumbai,,,,,1107321.0,290118.102,16609.815,741905.07
telangana,hyderabad,,,,,1066289.0,203661.199,9596.601,1050294.665
tamil nadu,chennai,,,,,1314125.0,228657.75,11827.125,1256303.4999999998
pondicherry,yanam,,,,,15519.0,2389.926,108.633,12710.061000000002
pondicherry,mahe,,,,,12110.0,1913.38,133.21,11843.58
